TC,LOC,SC,E
org.apache.commons.mail.EmailTest#testSetBcc,8,4,165.864807
org.apache.commons.mail.EmailTest#testSetFrom2,11,5,163.400162
org.apache.commons.mail.util.MimeMessageParserTest#testParseCreatedHtmlEmailWithMixedContent,27,31,164.201569
org.apache.commons.mail.MultiPartEmailTest#testAttach3,19,10,211.985275
org.apache.commons.mail.EmailUtilsTest#testUrlEncoding,8,6,159.584534
org.apache.commons.mail.EmailTest#testSetHeaders,9,5,162.282013
org.apache.commons.mail.util.MimeMessageParserTest#testParseHtmlEmailWithAttachments,28,41,170.357162
org.apache.commons.mail.EmailTest#testSetPopBeforeSmtp,11,4,164.960403
org.apache.commons.mail.InvalidAddressTest#testAddInvalidCc,10,0,164.315063
org.apache.commons.mail.EmailTest#testDefaultCharsetIgnoredByNonTextContent,13,11,166.99733
org.apache.commons.mail.EmailTest#testAddCc2,12,8,163.271652
org.apache.commons.mail.DefaultAuthenticatorTest#testDefaultAuthenticatorConstructor,8,4,156.999786
org.apache.commons.mail.EmailTest#testSetTo,9,7,163.521835
org.apache.commons.mail.InvalidInternetAddressTest#testValidateMethodCharset,28,0,163.107742
org.apache.commons.mail.SendWithAttachmentsTest#testSendWAttachments,26,0,171.558014
org.apache.commons.mail.util.MimeMessageParserTest#testParseInlineCID,22,33,165.589218
org.apache.commons.mail.EmailTest#testGetSetCharset,8,4,163.81839
org.apache.commons.mail.EmailLiveTest#testSendingEmailsInBatch,22,0,163.922607
org.apache.commons.mail.resolver.DataSourceClassPathResolverTest#testResolvingClassPathLenient,13,11,160.478394
org.apache.commons.mail.EmailTest#testSendFromSetInSession,9,5,175.620117
org.apache.commons.mail.EmailTest#testSetFromWithEncoding,6,4,165.328873
org.apache.commons.mail.EmailAttachmentTest#testGetSetName,6,3,163.367249
org.apache.commons.mail.util.MimeMessageParserTest#testAttachmentOnly,25,37,164.630402
org.apache.commons.mail.ImageHtmlEmailTest#testSendHtmlUrl,16,3,220.562607
org.apache.commons.mail.HtmlEmailTest#testEmbedFile,13,6,206.647156
org.apache.commons.mail.EmailTest#testGetSetAuthenticator,9,2,163.652328
org.apache.commons.mail.EmailTest#testDefaultCharsetCanBeOverriddenByContentType,13,11,172.532623
org.apache.commons.mail.EmailTest#testAddBccWithEncoding,13,8,162.172119
org.apache.commons.mail.HtmlEmailTest#testGetSetMsg,16,8,203.033524
org.apache.commons.mail.ImageHtmlEmailTest#testSendClassPathFileWithNullName,23,9,224.859116
org.apache.commons.mail.EmailLiveTest#testHtmlMailMimeLayout,44,0,166.793686
org.apache.commons.mail.EmailTest#testGetSetSmtpPort,6,5,162.38681
org.apache.commons.mail.EmailTest#testSetNullAndEmptyBounceAddress,4,5,336.418884
org.apache.commons.mail.SendWithAttachmentsTest#testSendNoAttachments,21,0,168.13356
org.apache.commons.mail.MultiPartEmailTest#testSend,38,7,206.219772
org.apache.commons.mail.ImageHtmlEmailTest#testRegex,51,64,206.865631
org.apache.commons.mail.MultiPartEmailTest#testSetMsg,20,11,197.886185
org.apache.commons.mail.ImageHtmlEmailTest#testSendHTMLAutoResolveFile,26,9,223.677429
org.apache.commons.mail.EmailTest#testSetContentObject,22,12,162.135071
org.apache.commons.mail.EmailTest#testGetSetSentDate,8,4,161.677307
org.apache.commons.mail.EmailLiveTest#testMultiPartEmail,7,0,169.730728
org.apache.commons.mail.MultiPartEmailTest#testGetSetSubType,6,4,193.794098
org.apache.commons.mail.EmailTest#testAddReplyTo,11,8,165.027176
org.apache.commons.mail.EmailTest#testSendBadHostName,20,12,169.738678
org.apache.commons.mail.ImageHtmlEmailTest#testSendHTMLClassPathFile,23,9,238.435104
org.apache.commons.mail.ImageHtmlEmailTest#testSendEmptyHTML2,11,3,207.073959
org.apache.commons.mail.MultiPartEmailTest#testInit,10,3,197.739624
org.apache.commons.mail.EmailTest#testAddTo2,12,8,162.162262
org.apache.commons.mail.EmailUtilsTest#testClearEndOfLineCharacters,10,8,161.424271
org.apache.commons.mail.EmailTest#testAddToWithEncoding,13,8,164.148209
org.apache.commons.mail.ImageHtmlEmailTest#testSendHtml,22,8,225.912857
org.apache.commons.mail.EmailTest#testSetCc,8,4,162.024231
org.apache.commons.mail.EmailLiveTest#testImageHtmlEmailRemote,11,0,158.577393
org.apache.commons.mail.EmailTest#testGetSetAuthentication,8,3,162.695572
org.apache.commons.mail.EmailTest#testAddReplyToWithEncoding,13,8,163.737885
org.apache.commons.mail.util.IDNEmailAddressConverterTest#testMultipleIDNEmailAddressToAsciiConversion,3,2,158.851761
org.apache.commons.mail.resolver.DataSourceUrlResolverTest#testResolvingHttpLenientHost,4,4,158.232254
org.apache.commons.mail.EmailTest#testGetSetHostName,6,4,178.50444
org.apache.commons.mail.HtmlEmailTest#testSendWithPlainTextButNoHtmlContent,16,2,238.838608
org.apache.commons.mail.EmailTest#testSetContentNull,4,2,162.233795
org.apache.commons.mail.SimpleEmailTest#testDefaultMimeCharset,22,1,161.609497
org.apache.commons.mail.resolver.DataSourceCompositeResolverTest#testResolvingFilesLenient,5,7,174.308563
org.apache.commons.mail.EmailTest#testAddBcc2,12,8,161.523209
org.apache.commons.mail.EmailLiveTest#testFoldedHeaderValue,7,0,173.749466
org.apache.commons.mail.MultiPartEmailTest#testAttachFileLocking,5,4,199.541702
org.apache.commons.mail.EmailTest#testAddHeader,13,6,161.671982
org.apache.commons.mail.ImageHtmlEmailTest#testSendEmptyHTML,11,3,208.482864
org.apache.commons.mail.HtmlEmailTest#testEmbedUrlAndFile,8,5,210.686111
org.apache.commons.mail.EmailTest#testEndOflineCharactersInSubjectAreReplacedWithSpaces,11,10,164.632797
org.apache.commons.mail.util.IDNEmailAddressConverterTest#testInternetAddressToAsciiConversion,6,3,160.095886
org.apache.commons.mail.EmailTest#testFoldingHeaders,19,19,168.722687
org.apache.commons.mail.MultiPartEmailTest#testAddPart,8,5,197.60231
org.apache.commons.mail.EmailLiveTest#testSimpleEmail,6,0,169.933517
org.apache.commons.mail.resolver.DataSourceUrlResolverTest#testResolvingHttpLenient,7,11,173.593155
org.apache.commons.mail.util.MimeMessageParserTest#testParseHtmlEmailWithAttachmentAndEncodedFilename,26,37,167.468658
org.apache.commons.mail.util.MimeMessageParserTest#testParseCreatedHtmlEmailWithTextContent,26,31,181.416412
org.apache.commons.mail.util.MimeMessageParserTest#testParseCreatedHtmlEmailWithNoContent,25,31,166.263626
org.apache.commons.mail.HtmlEmailTest#testEmbedFileWithCID,11,4,204.610535
org.apache.commons.mail.EmailLiveTest#testCorrectCharacterEncoding,11,0,169.070084
org.apache.commons.mail.util.MimeMessageParserTest#testParseNoHeaderSeperatorWithOutOfMemory,16,27,168.769577
org.apache.commons.mail.EmailAttachmentTest#testGetSetDescription,6,3,162.25267
org.apache.commons.mail.EmailTest#testAddTo,11,8,161.090027
org.apache.commons.mail.InvalidInternetAddressTest#testStrictConstructor,16,0,159.896011
org.apache.commons.mail.util.IDNEmailAddressConverterTest#testIDNEmailAddressToAsciiConversion,4,3,160.077255
org.apache.commons.mail.HtmlEmailTest#testGetSetHtmlMsg,15,7,204.313354
org.apache.commons.mail.EmailTest#testGetSetDebug,6,2,161.721542
org.apache.commons.mail.EmailTest#testAddBcc,11,8,164.698273
org.apache.commons.mail.resolver.DataSourceCompositeResolverTest#testExternalModification,7,3,161.0439
org.apache.commons.mail.EmailTest#testCorrectContentTypeForPNG,14,13,170.736771
org.apache.commons.mail.EmailTest#testSetSubjectValid,10,9,159.482376
org.apache.commons.mail.MultiPartEmailTest#testAttach2,4,2,197.483139
org.apache.commons.mail.util.IDNEmailAddressConverterTest#testNonIDNEmailAddressToAsciiConversion,3,2,162.525085
org.apache.commons.mail.EmailAttachmentTest#testGetSetDisposition,6,3,161.068329
org.apache.commons.mail.EmailTest#testGetSetSession,10,2,162.89801
org.apache.commons.mail.util.IDNEmailAddressConverterTest#testConvertInvalidEmailAddressToAscii,9,8,162.22905
org.apache.commons.mail.util.MimeMessageParserTest#testMultipartTextAttachment,25,37,167.882843
org.apache.commons.mail.EmailTest#testSendCorrectSmtpPortContainedInException,17,8,170.686981
org.apache.commons.mail.EmailAttachmentTest#testGetSetPath,6,3,161.842789
org.apache.commons.mail.EmailTest#testAddReplyTo2,12,8,162.803986
org.apache.commons.mail.HtmlEmailTest#testAddZipUrl,21,5,217.152863
org.apache.commons.mail.util.MimeMessageParserTest#testParseSimpleReplyEmail,19,31,166.053177
org.apache.commons.mail.SimpleEmailTest#testGetSetMsg,15,7,159.627213
org.apache.commons.mail.EmailTest#testToInternetAddressArray,8,4,161.346603
org.apache.commons.mail.EmailTest#testSetFrom,10,5,163.06459
org.apache.commons.mail.util.MimeMessageParserTest#testMultipartTextAttachmentOnly,25,37,169.082138
org.apache.commons.mail.InvalidInternetAddressTest#testValidateMethod,28,0,162.4207
org.apache.commons.mail.util.IDNEmailAddressConverterTest#testRoundTripConversionOfIDNEmailAddress,5,3,162.127594
org.apache.commons.mail.util.MimeMessageParserTest#testParseSimpleEmail,19,31,165.838882
org.apache.commons.mail.HtmlEmailTest#testEmbedUrl,21,10,222.166534
org.apache.commons.mail.HtmlEmailTest#testEmbedDataSource,22,6,223.366409
org.apache.commons.mail.InvalidAddressTest#testAddInvalidTo,10,0,162.150711
org.apache.commons.mail.util.MimeMessageParserTest#testParseHtmlEmailWithHtmlAttachment,25,37,168.882767
org.apache.commons.mail.SimpleEmailTest#testSend,19,4,173.887451
org.apache.commons.mail.EmailTest#testAddCc,11,8,161.370834
org.apache.commons.mail.ImageHtmlEmailTest#testSendHTMLAutoResolveMultipleFiles,24,9,224.441208
org.apache.commons.mail.EmailTest#testSupportForInternationalDomainNames,17,18,167.011887
org.apache.commons.mail.EmailTest#testGetHeaders,7,4,167.962738
org.apache.commons.mail.EmailLiveTest#testPartialSend,9,0,169.774918
org.apache.commons.mail.EmailLiveTest#testImageHtmlEmailLocal,9,0,172.561249
org.apache.commons.mail.EmailTest#testGetSetBounceAddress,6,5,162.302963
org.apache.commons.mail.EmailTest#testAddCcWithEncoding,13,8,160.588791
org.apache.commons.mail.EmailTest#testSetContentEmptyMimeMultipart,5,2,164.611542
org.apache.commons.mail.EmailTest#testGetHeader,8,5,163.238373
org.apache.commons.mail.HtmlEmailTest#testCallingBuildMimeMessageBeforeSent,23,5,209.18988
org.apache.commons.mail.HtmlEmailTest#testHtmlMailMimeLayout,5,0,213.742569
org.apache.commons.mail.HtmlEmailTest#testSend2,35,5,214.27948
org.apache.commons.mail.EmailTest#testDefaultCharsetAppliesToTextContent,13,11,168.65155
org.apache.commons.mail.ImageHtmlEmailTest#testEmail127,16,3,220.513168
org.apache.commons.mail.ImageHtmlEmailTest#testSendHTMLAbsoluteLocalFile,18,6,220.503357
org.apache.commons.mail.HtmlEmailTest#testSendWithDefaultCharset,19,1,202.680099
org.apache.commons.mail.HtmlEmailTest#testSend,43,9,217.996933
org.apache.commons.mail.MultiPartEmailTest#testAddPart2,6,4,196.157715
org.apache.commons.mail.EmailTest#testAddCcArray,9,7,160.807327
org.apache.commons.mail.resolver.DataSourceUrlResolverTest#testResolvingFilesLenient,7,8,158.142639
org.apache.commons.mail.MultiPartEmailTest#testAttach,41,17,212.724777
org.apache.commons.mail.HtmlEmailTest#testGetSetTextMsg,15,7,202.397934
org.apache.commons.mail.MultiPartEmailTest#testGetContainer,3,2,197.670578
org.apache.commons.mail.InvalidAddressTest#testAddInvalidBcc,10,0,161.585754
org.apache.commons.mail.InvalidAddressTest#testSetInvalidFrom,10,0,159.716965
org.apache.commons.mail.util.MimeMessageParserTest#testParseMultipartReport,26,37,164.216293
org.apache.commons.mail.EmailTest#testSetContentMimeMultipart,5,2,161.029541
org.apache.commons.mail.EmailTest#testAddToArray,9,7,161.522247
org.apache.commons.mail.EmailAttachmentTest#testGetSetURL,8,3,159.913559
org.apache.commons.mail.EmailTest#testAddBccArray,9,7,160.925385
org.apache.commons.mail.resolver.DataSourceFileResolverTest#testResolvingFileLenient,8,9,162.637497